location_id,iso3,location_name,gbd_region_id,gbd_region_name,gbd_superregion_id,gbd_superregion_name,type,gbd_analytical_region_id,gbd_analytical_region_name,gbd_analytical_superregion_id,gbd_analytical_superregion_name,deprecated_iso3
6,"CHN","China",5,"East Asia",4,"Southeast Asia, East Asia, and Oceania","admin0",5,"East Asia",4,"Southeast Asia, East Asia, and Oceania","CHN"
7,"PRK","North Korea",5,"East Asia",4,"Southeast Asia, East Asia, and Oceania","admin0",5,"East Asia",4,"Southeast Asia, East Asia, and Oceania","PRK"
8,"TWN","Taiwan",5,"East Asia",4,"Southeast Asia, East Asia, and Oceania","admin0",5,"East Asia",4,"Southeast Asia, East Asia, and Oceania","TWN"
10,"KHM","Cambodia",9,"Southeast Asia",4,"Southeast Asia, East Asia, and Oceania","admin0",9,"Southeast Asia",4,"Southeast Asia, East Asia, and Oceania","KHM"
11,"IDN","Indonesia",9,"Southeast Asia",4,"Southeast Asia, East Asia, and Oceania","admin0",9,"Southeast Asia",4,"Southeast Asia, East Asia, and Oceania","IDN"
12,"LAO","Laos",9,"Southeast Asia",4,"Southeast Asia, East Asia, and Oceania","admin0",9,"Southeast Asia",4,"Southeast Asia, East Asia, and Oceania","LAO"
13,"MYS","Malaysia",9,"Southeast Asia",4,"Southeast Asia, East Asia, and Oceania","admin0",9,"Southeast Asia",4,"Southeast Asia, East Asia, and Oceania","MYS"
14,"MDV","Maldives",9,"Southeast Asia",4,"Southeast Asia, East Asia, and Oceania","admin0",9,"Southeast Asia",4,"Southeast Asia, East Asia, and Oceania","MDV"
15,"MMR","Myanmar",9,"Southeast Asia",4,"Southeast Asia, East Asia, and Oceania","admin0",9,"Southeast Asia",4,"Southeast Asia, East Asia, and Oceania","MMR"
16,"PHL","Philippines",9,"Southeast Asia",4,"Southeast Asia, East Asia, and Oceania","admin0",9,"Southeast Asia",4,"Southeast Asia, East Asia, and Oceania","PHL"
17,"LKA","Sri Lanka",9,"Southeast Asia",4,"Southeast Asia, East Asia, and Oceania","admin0",9,"Southeast Asia",4,"Southeast Asia, East Asia, and Oceania","LKA"
18,"THA","Thailand",9,"Southeast Asia",4,"Southeast Asia, East Asia, and Oceania","admin0",9,"Southeast Asia",4,"Southeast Asia, East Asia, and Oceania","THA"
19,"TLS","Timor-Leste",9,"Southeast Asia",4,"Southeast Asia, East Asia, and Oceania","admin0",9,"Southeast Asia",4,"Southeast Asia, East Asia, and Oceania","TLS"
20,"VNM","Vietnam",9,"Southeast Asia",4,"Southeast Asia, East Asia, and Oceania","admin0",9,"Southeast Asia",4,"Southeast Asia, East Asia, and Oceania","VNM"
22,"FJI","Fiji",21,"Oceania",4,"Southeast Asia, East Asia, and Oceania","admin0",21,"Oceania",4,"Southeast Asia, East Asia, and Oceania","FJI"
23,"KIR","Kiribati",21,"Oceania",4,"Southeast Asia, East Asia, and Oceania","admin0",21,"Oceania",4,"Southeast Asia, East Asia, and Oceania","KIR"
24,"MHL","Marshall Islands",21,"Oceania",4,"Southeast Asia, East Asia, and Oceania","admin0",21,"Oceania",4,"Southeast Asia, East Asia, and Oceania","MHL"
25,"FSM","Federated States of Micronesia",21,"Oceania",4,"Southeast Asia, East Asia, and Oceania","admin0",21,"Oceania",4,"Southeast Asia, East Asia, and Oceania","FSM"
26,"PNG","Papua New Guinea",21,"Oceania",4,"Southeast Asia, East Asia, and Oceania","admin0",21,"Oceania",4,"Southeast Asia, East Asia, and Oceania","PNG"
27,"WSM","Samoa",21,"Oceania",4,"Southeast Asia, East Asia, and Oceania","admin0",21,"Oceania",4,"Southeast Asia, East Asia, and Oceania","WSM"
28,"SLB","Solomon Islands",21,"Oceania",4,"Southeast Asia, East Asia, and Oceania","admin0",21,"Oceania",4,"Southeast Asia, East Asia, and Oceania","SLB"
29,"TON","Tonga",21,"Oceania",4,"Southeast Asia, East Asia, and Oceania","admin0",21,"Oceania",4,"Southeast Asia, East Asia, and Oceania","TON"
30,"VUT","Vanuatu",21,"Oceania",4,"Southeast Asia, East Asia, and Oceania","admin0",21,"Oceania",4,"Southeast Asia, East Asia, and Oceania","VUT"
33,"ARM","Armenia",32,"Central Asia",31,"Central Europe, Eastern Europe, and Central Asia","admin0",32,"Central Asia",31,"Central Europe, Eastern Europe, and Central Asia","ARM"
34,"AZE","Azerbaijan",32,"Central Asia",31,"Central Europe, Eastern Europe, and Central Asia","admin0",32,"Central Asia",31,"Central Europe, Eastern Europe, and Central Asia","AZE"
35,"GEO","Georgia",32,"Central Asia",31,"Central Europe, Eastern Europe, and Central Asia","admin0",32,"Central Asia",31,"Central Europe, Eastern Europe, and Central Asia","GEO"
36,"KAZ","Kazakhstan",32,"Central Asia",31,"Central Europe, Eastern Europe, and Central Asia","admin0",32,"Central Asia",31,"Central Europe, Eastern Europe, and Central Asia","KAZ"
37,"KGZ","Kyrgyzstan",32,"Central Asia",31,"Central Europe, Eastern Europe, and Central Asia","admin0",32,"Central Asia",31,"Central Europe, Eastern Europe, and Central Asia","KGZ"
38,"MNG","Mongolia",32,"Central Asia",31,"Central Europe, Eastern Europe, and Central Asia","admin0",32,"Central Asia",31,"Central Europe, Eastern Europe, and Central Asia","MNG"
39,"TJK","Tajikistan",32,"Central Asia",31,"Central Europe, Eastern Europe, and Central Asia","admin0",32,"Central Asia",31,"Central Europe, Eastern Europe, and Central Asia","TJK"
40,"TKM","Turkmenistan",32,"Central Asia",31,"Central Europe, Eastern Europe, and Central Asia","admin0",32,"Central Asia",31,"Central Europe, Eastern Europe, and Central Asia","TKM"
41,"UZB","Uzbekistan",32,"Central Asia",31,"Central Europe, Eastern Europe, and Central Asia","admin0",32,"Central Asia",31,"Central Europe, Eastern Europe, and Central Asia","UZB"
43,"ALB","Albania",42,"Central Europe",31,"Central Europe, Eastern Europe, and Central Asia","admin0",42,"Central Europe",31,"Central Europe, Eastern Europe, and Central Asia","ALB"
44,"BIH","Bosnia and Herzegovina",42,"Central Europe",31,"Central Europe, Eastern Europe, and Central Asia","admin0",42,"Central Europe",31,"Central Europe, Eastern Europe, and Central Asia","BIH"
45,"BGR","Bulgaria",42,"Central Europe",31,"Central Europe, Eastern Europe, and Central Asia","admin0",42,"Central Europe",31,"Central Europe, Eastern Europe, and Central Asia","BGR"
46,"HRV","Croatia",42,"Central Europe",31,"Central Europe, Eastern Europe, and Central Asia","admin0",42,"Central Europe",31,"Central Europe, Eastern Europe, and Central Asia","HRV"
47,"CZE","Czech Republic",42,"Central Europe",31,"Central Europe, Eastern Europe, and Central Asia","admin0",42,"Central Europe",31,"Central Europe, Eastern Europe, and Central Asia","CZE"
48,"HUN","Hungary",42,"Central Europe",31,"Central Europe, Eastern Europe, and Central Asia","admin0",42,"Central Europe",31,"Central Europe, Eastern Europe, and Central Asia","HUN"
49,"MKD","Macedonia",42,"Central Europe",31,"Central Europe, Eastern Europe, and Central Asia","admin0",42,"Central Europe",31,"Central Europe, Eastern Europe, and Central Asia","MKD"
50,"MNE","Montenegro",42,"Central Europe",31,"Central Europe, Eastern Europe, and Central Asia","admin0",42,"Central Europe",31,"Central Europe, Eastern Europe, and Central Asia","MNE"
51,"POL","Poland",42,"Central Europe",31,"Central Europe, Eastern Europe, and Central Asia","admin0",42,"Central Europe",31,"Central Europe, Eastern Europe, and Central Asia","POL"
52,"ROU","Romania",42,"Central Europe",31,"Central Europe, Eastern Europe, and Central Asia","admin0",42,"Central Europe",31,"Central Europe, Eastern Europe, and Central Asia","ROU"
53,"SRB","Serbia",42,"Central Europe",31,"Central Europe, Eastern Europe, and Central Asia","admin0",42,"Central Europe",31,"Central Europe, Eastern Europe, and Central Asia","SRB"
54,"SVK","Slovakia",42,"Central Europe",31,"Central Europe, Eastern Europe, and Central Asia","admin0",42,"Central Europe",31,"Central Europe, Eastern Europe, and Central Asia","SVK"
55,"SVN","Slovenia",42,"Central Europe",31,"Central Europe, Eastern Europe, and Central Asia","admin0",42,"Central Europe",31,"Central Europe, Eastern Europe, and Central Asia","SVN"
57,"BLR","Belarus",56,"Eastern Europe",31,"Central Europe, Eastern Europe, and Central Asia","admin0",56,"Eastern Europe",31,"Central Europe, Eastern Europe, and Central Asia","BLR"
58,"EST","Estonia",56,"Eastern Europe",31,"Central Europe, Eastern Europe, and Central Asia","admin0",56,"Eastern Europe",31,"Central Europe, Eastern Europe, and Central Asia","EST"
59,"LVA","Latvia",56,"Eastern Europe",31,"Central Europe, Eastern Europe, and Central Asia","admin0",56,"Eastern Europe",31,"Central Europe, Eastern Europe, and Central Asia","LVA"
60,"LTU","Lithuania",56,"Eastern Europe",31,"Central Europe, Eastern Europe, and Central Asia","admin0",56,"Eastern Europe",31,"Central Europe, Eastern Europe, and Central Asia","LTU"
61,"MDA","Moldova",56,"Eastern Europe",31,"Central Europe, Eastern Europe, and Central Asia","admin0",56,"Eastern Europe",31,"Central Europe, Eastern Europe, and Central Asia","MDA"
62,"RUS","Russia",56,"Eastern Europe",31,"Central Europe, Eastern Europe, and Central Asia","admin0",56,"Eastern Europe",31,"Central Europe, Eastern Europe, and Central Asia","RUS"
63,"UKR","Ukraine",56,"Eastern Europe",31,"Central Europe, Eastern Europe, and Central Asia","admin0",56,"Eastern Europe",31,"Central Europe, Eastern Europe, and Central Asia","UKR"
66,"BRN","Brunei",65,"High-income Asia Pacific",64,"High-income","admin0",65,"High-income Asia Pacific",64,"High-income","BRN"
67,"JPN","Japan",65,"High-income Asia Pacific",64,"High-income","admin0",65,"High-income Asia Pacific",64,"High-income","JPN"
68,"KOR","South Korea",65,"High-income Asia Pacific",64,"High-income","admin0",65,"High-income Asia Pacific",64,"High-income","KOR"
69,"SGP","Singapore",65,"High-income Asia Pacific",64,"High-income","admin0",65,"High-income Asia Pacific",64,"High-income","SGP"
71,"AUS","Australia",70,"Australasia",64,"High-income","admin0",70,"Australasia",64,"High-income","AUS"
72,"NZL","New Zealand",70,"Australasia",64,"High-income","admin0",70,"Australasia",64,"High-income","NZL"
74,"AND","Andorra",73,"Western Europe",64,"High-income","admin0",73,"Western Europe",64,"High-income","AND"
75,"AUT","Austria",73,"Western Europe",64,"High-income","admin0",73,"Western Europe",64,"High-income","AUT"
76,"BEL","Belgium",73,"Western Europe",64,"High-income","admin0",73,"Western Europe",64,"High-income","BEL"
77,"CYP","Cyprus",73,"Western Europe",64,"High-income","admin0",73,"Western Europe",64,"High-income","CYP"
78,"DNK","Denmark",73,"Western Europe",64,"High-income","admin0",73,"Western Europe",64,"High-income","DNK"
79,"FIN","Finland",73,"Western Europe",64,"High-income","admin0",73,"Western Europe",64,"High-income","FIN"
80,"FRA","France",73,"Western Europe",64,"High-income","admin0",73,"Western Europe",64,"High-income","FRA"
81,"DEU","Germany",73,"Western Europe",64,"High-income","admin0",73,"Western Europe",64,"High-income","DEU"
82,"GRC","Greece",73,"Western Europe",64,"High-income","admin0",73,"Western Europe",64,"High-income","GRC"
83,"ISL","Iceland",73,"Western Europe",64,"High-income","admin0",73,"Western Europe",64,"High-income","ISL"
84,"IRL","Ireland",73,"Western Europe",64,"High-income","admin0",73,"Western Europe",64,"High-income","IRL"
85,"ISR","Israel",73,"Western Europe",64,"High-income","admin0",73,"Western Europe",64,"High-income","ISR"
86,"ITA","Italy",73,"Western Europe",64,"High-income","admin0",73,"Western Europe",64,"High-income","ITA"
87,"LUX","Luxembourg",73,"Western Europe",64,"High-income","admin0",73,"Western Europe",64,"High-income","LUX"
88,"MLT","Malta",73,"Western Europe",64,"High-income","admin0",73,"Western Europe",64,"High-income","MLT"
89,"NLD","Netherlands",73,"Western Europe",64,"High-income","admin0",73,"Western Europe",64,"High-income","NLD"
90,"NOR","Norway",73,"Western Europe",64,"High-income","admin0",73,"Western Europe",64,"High-income","NOR"
91,"PRT","Portugal",73,"Western Europe",64,"High-income","admin0",73,"Western Europe",64,"High-income","PRT"
92,"ESP","Spain",73,"Western Europe",64,"High-income","admin0",73,"Western Europe",64,"High-income","ESP"
93,"SWE","Sweden",73,"Western Europe",64,"High-income","admin0",73,"Western Europe",64,"High-income","SWE"
94,"CHE","Switzerland",73,"Western Europe",64,"High-income","admin0",73,"Western Europe",64,"High-income","CHE"
95,"GBR","United Kingdom",73,"Western Europe",64,"High-income","admin0",73,"Western Europe",64,"High-income","GBR"
97,"ARG","Argentina",96,"Southern Latin America",64,"High-income","admin0",96,"Southern Latin America",64,"High-income","ARG"
98,"CHL","Chile",96,"Southern Latin America",64,"High-income","admin0",96,"Southern Latin America",64,"High-income","CHL"
99,"URY","Uruguay",96,"Southern Latin America",64,"High-income","admin0",96,"Southern Latin America",64,"High-income","URY"
101,"CAN","Canada",100,"High-income North America",64,"High-income","admin0",100,"High-income North America",64,"High-income","CAN"
102,"USA","United States",100,"High-income North America",64,"High-income","admin0",100,"High-income North America",64,"High-income","USA"
105,"ATG","Antigua and Barbuda",104,"Caribbean",103,"Latin America and Caribbean","admin0",104,"Caribbean",103,"Latin America and Caribbean","ATG"
106,"BHS","The Bahamas",104,"Caribbean",103,"Latin America and Caribbean","admin0",104,"Caribbean",103,"Latin America and Caribbean","BHS"
107,"BRB","Barbados",104,"Caribbean",103,"Latin America and Caribbean","admin0",104,"Caribbean",103,"Latin America and Caribbean","BRB"
108,"BLZ","Belize",104,"Caribbean",103,"Latin America and Caribbean","admin0",104,"Caribbean",103,"Latin America and Caribbean","BLZ"
109,"CUB","Cuba",104,"Caribbean",103,"Latin America and Caribbean","admin0",104,"Caribbean",103,"Latin America and Caribbean","CUB"
110,"DMA","Dominica",104,"Caribbean",103,"Latin America and Caribbean","admin0",104,"Caribbean",103,"Latin America and Caribbean","DMA"
111,"DOM","Dominican Republic",104,"Caribbean",103,"Latin America and Caribbean","admin0",104,"Caribbean",103,"Latin America and Caribbean","DOM"
112,"GRD","Grenada",104,"Caribbean",103,"Latin America and Caribbean","admin0",104,"Caribbean",103,"Latin America and Caribbean","GRD"
113,"GUY","Guyana",104,"Caribbean",103,"Latin America and Caribbean","admin0",104,"Caribbean",103,"Latin America and Caribbean","GUY"
114,"HTI","Haiti",104,"Caribbean",103,"Latin America and Caribbean","admin0",104,"Caribbean",103,"Latin America and Caribbean","HTI"
115,"JAM","Jamaica",104,"Caribbean",103,"Latin America and Caribbean","admin0",104,"Caribbean",103,"Latin America and Caribbean","JAM"
116,"LCA","Saint Lucia",104,"Caribbean",103,"Latin America and Caribbean","admin0",104,"Caribbean",103,"Latin America and Caribbean","LCA"
117,"VCT","Saint Vincent and the Grenadines",104,"Caribbean",103,"Latin America and Caribbean","admin0",104,"Caribbean",103,"Latin America and Caribbean","VCT"
118,"SUR","Suriname",104,"Caribbean",103,"Latin America and Caribbean","admin0",104,"Caribbean",103,"Latin America and Caribbean","SUR"
119,"TTO","Trinidad and Tobago",104,"Caribbean",103,"Latin America and Caribbean","admin0",104,"Caribbean",103,"Latin America and Caribbean","TTO"
121,"BOL","Bolivia",120,"Andean Latin America",103,"Latin America and Caribbean","admin0",120,"Andean Latin America",103,"Latin America and Caribbean","BOL"
122,"ECU","Ecuador",120,"Andean Latin America",103,"Latin America and Caribbean","admin0",120,"Andean Latin America",103,"Latin America and Caribbean","ECU"
123,"PER","Peru",120,"Andean Latin America",103,"Latin America and Caribbean","admin0",120,"Andean Latin America",103,"Latin America and Caribbean","PER"
125,"COL","Colombia",124,"Central Latin America",103,"Latin America and Caribbean","admin0",124,"Central Latin America",103,"Latin America and Caribbean","COL"
126,"CRI","Costa Rica",124,"Central Latin America",103,"Latin America and Caribbean","admin0",124,"Central Latin America",103,"Latin America and Caribbean","CRI"
127,"SLV","El Salvador",124,"Central Latin America",103,"Latin America and Caribbean","admin0",124,"Central Latin America",103,"Latin America and Caribbean","SLV"
128,"GTM","Guatemala",124,"Central Latin America",103,"Latin America and Caribbean","admin0",124,"Central Latin America",103,"Latin America and Caribbean","GTM"
129,"HND","Honduras",124,"Central Latin America",103,"Latin America and Caribbean","admin0",124,"Central Latin America",103,"Latin America and Caribbean","HND"
130,"MEX","Mexico",124,"Central Latin America",103,"Latin America and Caribbean","admin0",124,"Central Latin America",103,"Latin America and Caribbean","MEX"
131,"NIC","Nicaragua",124,"Central Latin America",103,"Latin America and Caribbean","admin0",124,"Central Latin America",103,"Latin America and Caribbean","NIC"
132,"PAN","Panama",124,"Central Latin America",103,"Latin America and Caribbean","admin0",124,"Central Latin America",103,"Latin America and Caribbean","PAN"
133,"VEN","Venezuela",124,"Central Latin America",103,"Latin America and Caribbean","admin0",124,"Central Latin America",103,"Latin America and Caribbean","VEN"
135,"BRA","Brazil",134,"Tropical Latin America",103,"Latin America and Caribbean","admin0",134,"Tropical Latin America",103,"Latin America and Caribbean","BRA"
136,"PRY","Paraguay",134,"Tropical Latin America",103,"Latin America and Caribbean","admin0",134,"Tropical Latin America",103,"Latin America and Caribbean","PRY"
139,"DZA","Algeria",138,"North Africa and Middle East",137,"North Africa and Middle East","admin0",138,"North Africa and Middle East",137,"North Africa and Middle East","DZA"
140,"BHR","Bahrain",138,"North Africa and Middle East",137,"North Africa and Middle East","admin0",138,"North Africa and Middle East",137,"North Africa and Middle East","BHR"
141,"EGY","Egypt",138,"North Africa and Middle East",137,"North Africa and Middle East","admin0",138,"North Africa and Middle East",137,"North Africa and Middle East","EGY"
142,"IRN","Iran",138,"North Africa and Middle East",137,"North Africa and Middle East","admin0",138,"North Africa and Middle East",137,"North Africa and Middle East","IRN"
143,"IRQ","Iraq",138,"North Africa and Middle East",137,"North Africa and Middle East","admin0",138,"North Africa and Middle East",137,"North Africa and Middle East","IRQ"
144,"JOR","Jordan",138,"North Africa and Middle East",137,"North Africa and Middle East","admin0",138,"North Africa and Middle East",137,"North Africa and Middle East","JOR"
145,"KWT","Kuwait",138,"North Africa and Middle East",137,"North Africa and Middle East","admin0",138,"North Africa and Middle East",137,"North Africa and Middle East","KWT"
146,"LBN","Lebanon",138,"North Africa and Middle East",137,"North Africa and Middle East","admin0",138,"North Africa and Middle East",137,"North Africa and Middle East","LBN"
147,"LBY","Libya",138,"North Africa and Middle East",137,"North Africa and Middle East","admin0",138,"North Africa and Middle East",137,"North Africa and Middle East","LBY"
148,"MAR","Morocco",138,"North Africa and Middle East",137,"North Africa and Middle East","admin0",138,"North Africa and Middle East",137,"North Africa and Middle East","MAR"
149,"PSE","Palestine",138,"North Africa and Middle East",137,"North Africa and Middle East","admin0",138,"North Africa and Middle East",137,"North Africa and Middle East","PSE"
150,"OMN","Oman",138,"North Africa and Middle East",137,"North Africa and Middle East","admin0",138,"North Africa and Middle East",137,"North Africa and Middle East","OMN"
151,"QAT","Qatar",138,"North Africa and Middle East",137,"North Africa and Middle East","admin0",138,"North Africa and Middle East",137,"North Africa and Middle East","QAT"
152,"SAU","Saudi Arabia",138,"North Africa and Middle East",137,"North Africa and Middle East","admin0",138,"North Africa and Middle East",137,"North Africa and Middle East","SAU"
153,"SYR","Syria",138,"North Africa and Middle East",137,"North Africa and Middle East","admin0",138,"North Africa and Middle East",137,"North Africa and Middle East","SYR"
154,"TUN","Tunisia",138,"North Africa and Middle East",137,"North Africa and Middle East","admin0",138,"North Africa and Middle East",137,"North Africa and Middle East","TUN"
155,"TUR","Turkey",138,"North Africa and Middle East",137,"North Africa and Middle East","admin0",138,"North Africa and Middle East",137,"North Africa and Middle East","TUR"
156,"ARE","United Arab Emirates",138,"North Africa and Middle East",137,"North Africa and Middle East","admin0",138,"North Africa and Middle East",137,"North Africa and Middle East","ARE"
157,"YEM","Yemen",138,"North Africa and Middle East",137,"North Africa and Middle East","admin0",138,"North Africa and Middle East",137,"North Africa and Middle East","YEM"
160,"AFG","Afghanistan",159,"South Asia",158,"South Asia","admin0",138,"North Africa and Middle East",137,"North Africa and Middle East","AFG"
161,"BGD","Bangladesh",159,"South Asia",158,"South Asia","admin0",159,"South Asia",158,"South Asia","BGD"
162,"BTN","Bhutan",159,"South Asia",158,"South Asia","admin0",159,"South Asia",158,"South Asia","BTN"
163,"IND","India",159,"South Asia",158,"South Asia","admin0",159,"South Asia",158,"South Asia","IND"
164,"NPL","Nepal",159,"South Asia",158,"South Asia","admin0",159,"South Asia",158,"South Asia","NPL"
165,"PAK","Pakistan",159,"South Asia",158,"South Asia","admin0",159,"South Asia",158,"South Asia","PAK"
168,"AGO","Angola",167,"Central Sub-Saharan Africa",166,"Sub-Saharan Africa","admin0",167,"Central Sub-Saharan Africa",166,"Sub-Saharan Africa","AGO"
169,"CAF","Central African Republic",167,"Central Sub-Saharan Africa",166,"Sub-Saharan Africa","admin0",167,"Central Sub-Saharan Africa",166,"Sub-Saharan Africa","CAF"
170,"COG","Congo",167,"Central Sub-Saharan Africa",166,"Sub-Saharan Africa","admin0",167,"Central Sub-Saharan Africa",166,"Sub-Saharan Africa","COG"
171,"COD","Democratic Republic of the Congo",167,"Central Sub-Saharan Africa",166,"Sub-Saharan Africa","admin0",167,"Central Sub-Saharan Africa",166,"Sub-Saharan Africa","COD"
172,"GNQ","Equatorial Guinea",167,"Central Sub-Saharan Africa",166,"Sub-Saharan Africa","admin0",167,"Central Sub-Saharan Africa",166,"Sub-Saharan Africa","GNQ"
173,"GAB","Gabon",167,"Central Sub-Saharan Africa",166,"Sub-Saharan Africa","admin0",167,"Central Sub-Saharan Africa",166,"Sub-Saharan Africa","GAB"
175,"BDI","Burundi",174,"Eastern Sub-Saharan Africa",166,"Sub-Saharan Africa","admin0",174,"Eastern Sub-Saharan Africa",166,"Sub-Saharan Africa","BDI"
176,"COM","Comoros",174,"Eastern Sub-Saharan Africa",166,"Sub-Saharan Africa","admin0",174,"Eastern Sub-Saharan Africa",166,"Sub-Saharan Africa","COM"
177,"DJI","Djibouti",174,"Eastern Sub-Saharan Africa",166,"Sub-Saharan Africa","admin0",174,"Eastern Sub-Saharan Africa",166,"Sub-Saharan Africa","DJI"
178,"ERI","Eritrea",174,"Eastern Sub-Saharan Africa",166,"Sub-Saharan Africa","admin0",174,"Eastern Sub-Saharan Africa",166,"Sub-Saharan Africa","ERI"
179,"ETH","Ethiopia",174,"Eastern Sub-Saharan Africa",166,"Sub-Saharan Africa","admin0",174,"Eastern Sub-Saharan Africa",166,"Sub-Saharan Africa","ETH"
180,"KEN","Kenya",174,"Eastern Sub-Saharan Africa",166,"Sub-Saharan Africa","admin0",174,"Eastern Sub-Saharan Africa",166,"Sub-Saharan Africa","KEN"
181,"MDG","Madagascar",174,"Eastern Sub-Saharan Africa",166,"Sub-Saharan Africa","admin0",174,"Eastern Sub-Saharan Africa",166,"Sub-Saharan Africa","MDG"
182,"MWI","Malawi",174,"Eastern Sub-Saharan Africa",166,"Sub-Saharan Africa","admin0",174,"Eastern Sub-Saharan Africa",166,"Sub-Saharan Africa","MWI"
183,"MUS","Mauritius",174,"Eastern Sub-Saharan Africa",166,"Sub-Saharan Africa","admin0",9,"Southeast Asia",4,"Southeast Asia, East Asia, and Oceania","MUS"
184,"MOZ","Mozambique",174,"Eastern Sub-Saharan Africa",166,"Sub-Saharan Africa","admin0",174,"Eastern Sub-Saharan Africa",166,"Sub-Saharan Africa","MOZ"
185,"RWA","Rwanda",174,"Eastern Sub-Saharan Africa",166,"Sub-Saharan Africa","admin0",174,"Eastern Sub-Saharan Africa",166,"Sub-Saharan Africa","RWA"
186,"SYC","Seychelles",174,"Eastern Sub-Saharan Africa",166,"Sub-Saharan Africa","admin0",9,"Southeast Asia",4,"Southeast Asia, East Asia, and Oceania","SYC"
187,"SOM","Somalia",174,"Eastern Sub-Saharan Africa",166,"Sub-Saharan Africa","admin0",174,"Eastern Sub-Saharan Africa",166,"Sub-Saharan Africa","SOM"
189,"TZA","Tanzania",174,"Eastern Sub-Saharan Africa",166,"Sub-Saharan Africa","admin0",174,"Eastern Sub-Saharan Africa",166,"Sub-Saharan Africa","TZA"
190,"UGA","Uganda",174,"Eastern Sub-Saharan Africa",166,"Sub-Saharan Africa","admin0",174,"Eastern Sub-Saharan Africa",166,"Sub-Saharan Africa","UGA"
191,"ZMB","Zambia",174,"Eastern Sub-Saharan Africa",166,"Sub-Saharan Africa","admin0",174,"Eastern Sub-Saharan Africa",166,"Sub-Saharan Africa","ZMB"
193,"BWA","Botswana",192,"Southern Sub-Saharan Africa",166,"Sub-Saharan Africa","admin0",192,"Southern Sub-Saharan Africa",166,"Sub-Saharan Africa","BWA"
194,"LSO","Lesotho",192,"Southern Sub-Saharan Africa",166,"Sub-Saharan Africa","admin0",192,"Southern Sub-Saharan Africa",166,"Sub-Saharan Africa","LSO"
195,"NAM","Namibia",192,"Southern Sub-Saharan Africa",166,"Sub-Saharan Africa","admin0",192,"Southern Sub-Saharan Africa",166,"Sub-Saharan Africa","NAM"
196,"ZAF","South Africa",192,"Southern Sub-Saharan Africa",166,"Sub-Saharan Africa","admin0",192,"Southern Sub-Saharan Africa",166,"Sub-Saharan Africa","ZAF"
197,"SWZ","Swaziland",192,"Southern Sub-Saharan Africa",166,"Sub-Saharan Africa","admin0",192,"Southern Sub-Saharan Africa",166,"Sub-Saharan Africa","SWZ"
198,"ZWE","Zimbabwe",192,"Southern Sub-Saharan Africa",166,"Sub-Saharan Africa","admin0",192,"Southern Sub-Saharan Africa",166,"Sub-Saharan Africa","ZWE"
200,"BEN","Benin",199,"Western Sub-Saharan Africa",166,"Sub-Saharan Africa","admin0",199,"Western Sub-Saharan Africa",166,"Sub-Saharan Africa","BEN"
201,"BFA","Burkina Faso",199,"Western Sub-Saharan Africa",166,"Sub-Saharan Africa","admin0",199,"Western Sub-Saharan Africa",166,"Sub-Saharan Africa","BFA"
202,"CMR","Cameroon",199,"Western Sub-Saharan Africa",166,"Sub-Saharan Africa","admin0",199,"Western Sub-Saharan Africa",166,"Sub-Saharan Africa","CMR"
203,"CPV","Cape Verde",199,"Western Sub-Saharan Africa",166,"Sub-Saharan Africa","admin0",199,"Western Sub-Saharan Africa",166,"Sub-Saharan Africa","CPV"
204,"TCD","Chad",199,"Western Sub-Saharan Africa",166,"Sub-Saharan Africa","admin0",199,"Western Sub-Saharan Africa",166,"Sub-Saharan Africa","TCD"
205,"CIV","Cote d'Ivoire",199,"Western Sub-Saharan Africa",166,"Sub-Saharan Africa","admin0",199,"Western Sub-Saharan Africa",166,"Sub-Saharan Africa","CIV"
206,"GMB","The Gambia",199,"Western Sub-Saharan Africa",166,"Sub-Saharan Africa","admin0",199,"Western Sub-Saharan Africa",166,"Sub-Saharan Africa","GMB"
207,"GHA","Ghana",199,"Western Sub-Saharan Africa",166,"Sub-Saharan Africa","admin0",199,"Western Sub-Saharan Africa",166,"Sub-Saharan Africa","GHA"
208,"GIN","Guinea",199,"Western Sub-Saharan Africa",166,"Sub-Saharan Africa","admin0",199,"Western Sub-Saharan Africa",166,"Sub-Saharan Africa","GIN"
209,"GNB","Guinea-Bissau",199,"Western Sub-Saharan Africa",166,"Sub-Saharan Africa","admin0",199,"Western Sub-Saharan Africa",166,"Sub-Saharan Africa","GNB"
210,"LBR","Liberia",199,"Western Sub-Saharan Africa",166,"Sub-Saharan Africa","admin0",199,"Western Sub-Saharan Africa",166,"Sub-Saharan Africa","LBR"
211,"MLI","Mali",199,"Western Sub-Saharan Africa",166,"Sub-Saharan Africa","admin0",199,"Western Sub-Saharan Africa",166,"Sub-Saharan Africa","MLI"
212,"MRT","Mauritania",199,"Western Sub-Saharan Africa",166,"Sub-Saharan Africa","admin0",199,"Western Sub-Saharan Africa",166,"Sub-Saharan Africa","MRT"
213,"NER","Niger",199,"Western Sub-Saharan Africa",166,"Sub-Saharan Africa","admin0",199,"Western Sub-Saharan Africa",166,"Sub-Saharan Africa","NER"
214,"NGA","Nigeria",199,"Western Sub-Saharan Africa",166,"Sub-Saharan Africa","admin0",199,"Western Sub-Saharan Africa",166,"Sub-Saharan Africa","NGA"
215,"STP","Sao Tome and Principe",199,"Western Sub-Saharan Africa",166,"Sub-Saharan Africa","admin0",199,"Western Sub-Saharan Africa",166,"Sub-Saharan Africa","STP"
216,"SEN","Senegal",199,"Western Sub-Saharan Africa",166,"Sub-Saharan Africa","admin0",199,"Western Sub-Saharan Africa",166,"Sub-Saharan Africa","SEN"
217,"SLE","Sierra Leone",199,"Western Sub-Saharan Africa",166,"Sub-Saharan Africa","admin0",199,"Western Sub-Saharan Africa",166,"Sub-Saharan Africa","SLE"
218,"TGO","Togo",199,"Western Sub-Saharan Africa",166,"Sub-Saharan Africa","admin0",199,"Western Sub-Saharan Africa",166,"Sub-Saharan Africa","TGO"
305,"BMU","Bermuda",104,"Caribbean",103,"Latin America and Caribbean","nonsovereign",104,"Caribbean",103,"Latin America and Caribbean","BMU"
354,"CHN_354","Hong Kong Special Administrative Region of China",5,"East Asia",4,"Southeast Asia, East Asia, and Oceania","admin1",5,"East Asia",4,"Southeast Asia, East Asia, and Oceania","HKG"
361,"CHN_361","Macao Special Administrative Region of China",5,"East Asia",4,"Southeast Asia, East Asia, and Oceania","admin1",5,"East Asia",4,"Southeast Asia, East Asia, and Oceania","MAC"
385,"PRI","Puerto Rico",104,"Caribbean",103,"Latin America and Caribbean","nonsovereign",104,"Caribbean",103,"Latin America and Caribbean","PRI"
433,"GBR_433","Northern Ireland",73,"Western Europe",64,"High-income","admin1",73,"Western Europe",64,"High-income","XNI"
434,"GBR_434","Scotland",73,"Western Europe",64,"High-income","admin1",73,"Western Europe",64,"High-income","XSC"
435,"SSD","South Sudan",174,"Eastern Sub-Saharan Africa",166,"Sub-Saharan Africa","admin0",174,"Eastern Sub-Saharan Africa",166,"Sub-Saharan Africa","SSD"
482,"ZAF_482","Eastern Cape",192,"Southern Sub-Saharan Africa",166,"Sub-Saharan Africa","admin1",192,"Southern Sub-Saharan Africa",166,"Sub-Saharan Africa","ZEC"
483,"ZAF_483","Free State",192,"Southern Sub-Saharan Africa",166,"Sub-Saharan Africa","admin1",192,"Southern Sub-Saharan Africa",166,"Sub-Saharan Africa","ZFS"
484,"ZAF_484","Gauteng",192,"Southern Sub-Saharan Africa",166,"Sub-Saharan Africa","admin1",192,"Southern Sub-Saharan Africa",166,"Sub-Saharan Africa","ZGA"
485,"ZAF_485","KwaZulu-Natal",192,"Southern Sub-Saharan Africa",166,"Sub-Saharan Africa","admin1",192,"Southern Sub-Saharan Africa",166,"Sub-Saharan Africa","ZKN"
486,"ZAF_486","Limpopo",192,"Southern Sub-Saharan Africa",166,"Sub-Saharan Africa","admin1",192,"Southern Sub-Saharan Africa",166,"Sub-Saharan Africa","ZLI"
487,"ZAF_487","Mpumalanga",192,"Southern Sub-Saharan Africa",166,"Sub-Saharan Africa","admin1",192,"Southern Sub-Saharan Africa",166,"Sub-Saharan Africa","ZMP"
488,"ZAF_488","North-West",192,"Southern Sub-Saharan Africa",166,"Sub-Saharan Africa","admin1",192,"Southern Sub-Saharan Africa",166,"Sub-Saharan Africa","ZNW"
489,"ZAF_489","Northern Cape",192,"Southern Sub-Saharan Africa",166,"Sub-Saharan Africa","admin1",192,"Southern Sub-Saharan Africa",166,"Sub-Saharan Africa","ZNC"
490,"ZAF_490","Western Cape",192,"Southern Sub-Saharan Africa",166,"Sub-Saharan Africa","admin1",192,"Southern Sub-Saharan Africa",166,"Sub-Saharan Africa","ZWC"
491,"CHN_491","Anhui",5,"East Asia",4,"Southeast Asia, East Asia, and Oceania","admin1",5,"East Asia",4,"Southeast Asia, East Asia, and Oceania","XAC"
492,"CHN_492","Beijing",5,"East Asia",4,"Southeast Asia, East Asia, and Oceania","admin1",5,"East Asia",4,"Southeast Asia, East Asia, and Oceania","XBC"
493,"CHN_493","Chongqing",5,"East Asia",4,"Southeast Asia, East Asia, and Oceania","admin1",5,"East Asia",4,"Southeast Asia, East Asia, and Oceania","XCD"
494,"CHN_494","Fujian",5,"East Asia",4,"Southeast Asia, East Asia, and Oceania","admin1",5,"East Asia",4,"Southeast Asia, East Asia, and Oceania","XFC"
495,"CHN_495","Gansu",5,"East Asia",4,"Southeast Asia, East Asia, and Oceania","admin1",5,"East Asia",4,"Southeast Asia, East Asia, and Oceania","XGC"
496,"CHN_496","Guangdong",5,"East Asia",4,"Southeast Asia, East Asia, and Oceania","admin1",5,"East Asia",4,"Southeast Asia, East Asia, and Oceania","XCB"
497,"CHN_497","Guangxi",5,"East Asia",4,"Southeast Asia, East Asia, and Oceania","admin1",5,"East Asia",4,"Southeast Asia, East Asia, and Oceania","XCC"
498,"CHN_498","Guizhou",5,"East Asia",4,"Southeast Asia, East Asia, and Oceania","admin1",5,"East Asia",4,"Southeast Asia, East Asia, and Oceania","XCE"
499,"CHN_499","Hainan",5,"East Asia",4,"Southeast Asia, East Asia, and Oceania","admin1",5,"East Asia",4,"Southeast Asia, East Asia, and Oceania","XHC"
500,"CHN_500","Hebei",5,"East Asia",4,"Southeast Asia, East Asia, and Oceania","admin1",5,"East Asia",4,"Southeast Asia, East Asia, and Oceania","XCF"
501,"CHN_501","Heilongjiang",5,"East Asia",4,"Southeast Asia, East Asia, and Oceania","admin1",5,"East Asia",4,"Southeast Asia, East Asia, and Oceania","XCG"
502,"CHN_502","Henan",5,"East Asia",4,"Southeast Asia, East Asia, and Oceania","admin1",5,"East Asia",4,"Southeast Asia, East Asia, and Oceania","XCH"
503,"CHN_503","Hubei",5,"East Asia",4,"Southeast Asia, East Asia, and Oceania","admin1",5,"East Asia",4,"Southeast Asia, East Asia, and Oceania","XCI"
504,"CHN_504","Hunan",5,"East Asia",4,"Southeast Asia, East Asia, and Oceania","admin1",5,"East Asia",4,"Southeast Asia, East Asia, and Oceania","XCJ"
505,"CHN_505","Inner Mongolia",5,"East Asia",4,"Southeast Asia, East Asia, and Oceania","admin1",5,"East Asia",4,"Southeast Asia, East Asia, and Oceania","XMG"
506,"CHN_506","Jiangsu",5,"East Asia",4,"Southeast Asia, East Asia, and Oceania","admin1",5,"East Asia",4,"Southeast Asia, East Asia, and Oceania","XJC"
507,"CHN_507","Jiangxi",5,"East Asia",4,"Southeast Asia, East Asia, and Oceania","admin1",5,"East Asia",4,"Southeast Asia, East Asia, and Oceania","XCK"
508,"CHN_508","Jilin",5,"East Asia",4,"Southeast Asia, East Asia, and Oceania","admin1",5,"East Asia",4,"Southeast Asia, East Asia, and Oceania","XCL"
509,"CHN_509","Liaoning",5,"East Asia",4,"Southeast Asia, East Asia, and Oceania","admin1",5,"East Asia",4,"Southeast Asia, East Asia, and Oceania","XLC"
510,"CHN_510","Ningxia",5,"East Asia",4,"Southeast Asia, East Asia, and Oceania","admin1",5,"East Asia",4,"Southeast Asia, East Asia, and Oceania","XNC"
511,"CHN_511","Qinghai",5,"East Asia",4,"Southeast Asia, East Asia, and Oceania","admin1",5,"East Asia",4,"Southeast Asia, East Asia, and Oceania","XQC"
512,"CHN_512","Shaanxi",5,"East Asia",4,"Southeast Asia, East Asia, and Oceania","admin1",5,"East Asia",4,"Southeast Asia, East Asia, and Oceania","XCM"
513,"CHN_513","Shandong",5,"East Asia",4,"Southeast Asia, East Asia, and Oceania","admin1",5,"East Asia",4,"Southeast Asia, East Asia, and Oceania","XCN"
514,"CHN_514","Shanghai",5,"East Asia",4,"Southeast Asia, East Asia, and Oceania","admin1",5,"East Asia",4,"Southeast Asia, East Asia, and Oceania","XCO"
515,"CHN_515","Shanxi",5,"East Asia",4,"Southeast Asia, East Asia, and Oceania","admin1",5,"East Asia",4,"Southeast Asia, East Asia, and Oceania","XCP"
516,"CHN_516","Sichuan",5,"East Asia",4,"Southeast Asia, East Asia, and Oceania","admin1",5,"East Asia",4,"Southeast Asia, East Asia, and Oceania","XCQ"
517,"CHN_517","Tianjin",5,"East Asia",4,"Southeast Asia, East Asia, and Oceania","admin1",5,"East Asia",4,"Southeast Asia, East Asia, and Oceania","XTC"
518,"CHN_518","Tibet",5,"East Asia",4,"Southeast Asia, East Asia, and Oceania","admin1",5,"East Asia",4,"Southeast Asia, East Asia, and Oceania","XTI"
519,"CHN_519","Xinjiang",5,"East Asia",4,"Southeast Asia, East Asia, and Oceania","admin1",5,"East Asia",4,"Southeast Asia, East Asia, and Oceania","XXC"
520,"CHN_520","Yunnan",5,"East Asia",4,"Southeast Asia, East Asia, and Oceania","admin1",5,"East Asia",4,"Southeast Asia, East Asia, and Oceania","XYC"
521,"CHN_521","Zhejiang",5,"East Asia",4,"Southeast Asia, East Asia, and Oceania","admin1",5,"East Asia",4,"Southeast Asia, East Asia, and Oceania","XZC"
522,"SDN","Sudan",138,"North Africa and Middle East",137,"North Africa and Middle East","admin0",138,"North Africa and Middle East",137,"North Africa and Middle East","SDN"
4618,"GBR_4618","North East England",73,"Western Europe",64,"High-income","admin1",73,"Western Europe",64,"High-income","XGG"
4619,"GBR_4619","North West England",73,"Western Europe",64,"High-income","admin1",73,"Western Europe",64,"High-income","XGH"
4620,"GBR_4620","Yorkshire and the Humber",73,"Western Europe",64,"High-income","admin1",73,"Western Europe",64,"High-income","XGI"
4621,"GBR_4621","East Midlands",73,"Western Europe",64,"High-income","admin1",73,"Western Europe",64,"High-income","XGJ"
4622,"GBR_4622","West Midlands",73,"Western Europe",64,"High-income","admin1",73,"Western Europe",64,"High-income","XGK"
4623,"GBR_4623","East of England",73,"Western Europe",64,"High-income","admin1",73,"Western Europe",64,"High-income","XGL"
4624,"GBR_4624","Greater London",73,"Western Europe",64,"High-income","admin1",73,"Western Europe",64,"High-income","XGM"
4625,"GBR_4625","South East England",73,"Western Europe",64,"High-income","admin1",73,"Western Europe",64,"High-income","XGN"
4626,"GBR_4626","South West England",73,"Western Europe",64,"High-income","admin1",73,"Western Europe",64,"High-income","XGO"
4636,"GBR_4636","Wales",73,"Western Europe",64,"High-income","admin1",73,"Western Europe",64,"High-income","XGP"
4637,"IND_4637","India, Rural",159,"South Asia",158,"South Asia","urbanicity",159,"South Asia",158,"South Asia","XIR"
4638,"IND_4638","India, Urban",159,"South Asia",158,"South Asia","urbanicity",159,"South Asia",158,"South Asia","XIU"
4643,"MEX_4643","Aguascalientes",124,"Central Latin America",103,"Latin America and Caribbean","admin1",124,"Central Latin America",103,"Latin America and Caribbean","XMA"
4644,"MEX_4644","Baja California",124,"Central Latin America",103,"Latin America and Caribbean","admin1",124,"Central Latin America",103,"Latin America and Caribbean","XMB"
4645,"MEX_4645","Baja California Sur",124,"Central Latin America",103,"Latin America and Caribbean","admin1",124,"Central Latin America",103,"Latin America and Caribbean","XMC"
4646,"MEX_4646","Campeche",124,"Central Latin America",103,"Latin America and Caribbean","admin1",124,"Central Latin America",103,"Latin America and Caribbean","XMD"
4647,"MEX_4647","Coahuila",124,"Central Latin America",103,"Latin America and Caribbean","admin1",124,"Central Latin America",103,"Latin America and Caribbean","XME"
4648,"MEX_4648","Colima",124,"Central Latin America",103,"Latin America and Caribbean","admin1",124,"Central Latin America",103,"Latin America and Caribbean","XMF"
4649,"MEX_4649","Chiapas",124,"Central Latin America",103,"Latin America and Caribbean","admin1",124,"Central Latin America",103,"Latin America and Caribbean","XMH"
4650,"MEX_4650","Chihuahua",124,"Central Latin America",103,"Latin America and Caribbean","admin1",124,"Central Latin America",103,"Latin America and Caribbean","XMI"
4651,"MEX_4651","Distrito Federal",124,"Central Latin America",103,"Latin America and Caribbean","admin1",124,"Central Latin America",103,"Latin America and Caribbean","XMJ"
4652,"MEX_4652","Durango",124,"Central Latin America",103,"Latin America and Caribbean","admin1",124,"Central Latin America",103,"Latin America and Caribbean","XMK"
4653,"MEX_4653","Guanajuato",124,"Central Latin America",103,"Latin America and Caribbean","admin1",124,"Central Latin America",103,"Latin America and Caribbean","XML"
4654,"MEX_4654","Guerrero",124,"Central Latin America",103,"Latin America and Caribbean","admin1",124,"Central Latin America",103,"Latin America and Caribbean","XMM"
4655,"MEX_4655","Hidalgo",124,"Central Latin America",103,"Latin America and Caribbean","admin1",124,"Central Latin America",103,"Latin America and Caribbean","XMN"
4656,"MEX_4656","Jalisco",124,"Central Latin America",103,"Latin America and Caribbean","admin1",124,"Central Latin America",103,"Latin America and Caribbean","XMO"
4657,"MEX_4657","México",124,"Central Latin America",103,"Latin America and Caribbean","admin1",124,"Central Latin America",103,"Latin America and Caribbean","XMP"
4658,"MEX_4658","Michoacán de Ocampo",124,"Central Latin America",103,"Latin America and Caribbean","admin1",124,"Central Latin America",103,"Latin America and Caribbean","XMQ"
4659,"MEX_4659","Morelos",124,"Central Latin America",103,"Latin America and Caribbean","admin1",124,"Central Latin America",103,"Latin America and Caribbean","XMR"
4660,"MEX_4660","Nayarit",124,"Central Latin America",103,"Latin America and Caribbean","admin1",124,"Central Latin America",103,"Latin America and Caribbean","XMS"
4661,"MEX_4661","Nuevo León",124,"Central Latin America",103,"Latin America and Caribbean","admin1",124,"Central Latin America",103,"Latin America and Caribbean","XMT"
4662,"MEX_4662","Oaxaca",124,"Central Latin America",103,"Latin America and Caribbean","admin1",124,"Central Latin America",103,"Latin America and Caribbean","XMU"
4663,"MEX_4663","Puebla",124,"Central Latin America",103,"Latin America and Caribbean","admin1",124,"Central Latin America",103,"Latin America and Caribbean","XMV"
4664,"MEX_4664","Querétaro",124,"Central Latin America",103,"Latin America and Caribbean","admin1",124,"Central Latin America",103,"Latin America and Caribbean","XMW"
4665,"MEX_4665","Quintana Roo",124,"Central Latin America",103,"Latin America and Caribbean","admin1",124,"Central Latin America",103,"Latin America and Caribbean","XMX"
4666,"MEX_4666","San Luis Potosí",124,"Central Latin America",103,"Latin America and Caribbean","admin1",124,"Central Latin America",103,"Latin America and Caribbean","XMY"
4667,"MEX_4667","Sinaloa",124,"Central Latin America",103,"Latin America and Caribbean","admin1",124,"Central Latin America",103,"Latin America and Caribbean","XMZ"
4668,"MEX_4668","Sonora",124,"Central Latin America",103,"Latin America and Caribbean","admin1",124,"Central Latin America",103,"Latin America and Caribbean","XAM"
4669,"MEX_4669","Tabasco",124,"Central Latin America",103,"Latin America and Caribbean","admin1",124,"Central Latin America",103,"Latin America and Caribbean","XBM"
4670,"MEX_4670","Tamaulipas",124,"Central Latin America",103,"Latin America and Caribbean","admin1",124,"Central Latin America",103,"Latin America and Caribbean","XIM"
4671,"MEX_4671","Tlaxcala",124,"Central Latin America",103,"Latin America and Caribbean","admin1",124,"Central Latin America",103,"Latin America and Caribbean","XEM"
4672,"MEX_4672","Veracruz de Ignacio de la Llave",124,"Central Latin America",103,"Latin America and Caribbean","admin1",124,"Central Latin America",103,"Latin America and Caribbean","XFM"
4673,"MEX_4673","Yucatán",124,"Central Latin America",103,"Latin America and Caribbean","admin1",124,"Central Latin America",103,"Latin America and Caribbean","XJM"
4674,"MEX_4674","Zacatecas",124,"Central Latin America",103,"Latin America and Caribbean","admin1",124,"Central Latin America",103,"Latin America and Caribbean","XHM"
